source_assessment_name,assessmentId,parentOrg
0489d3b2-cb36-43c4-a417-6e9eef141a6a,mad-genius-math-tricks-quiz,Testing
Mad Genius: Math Tricks Quiz,mad-genius-math-tricks-quiz,Testing
44ad50a2-f72c-4e53-8867-cbb1027366b9,introductory-test-quiz,Testing
Introductory test Quiz,introductory-test-quiz,Testing
2cdf5815-286a-40b3-b9f1-953d7473fad1,blood-group-and-sickle-cell-quiz,Testing
Blood group and Sickle Cell Quiz,blood-group-and-sickle-cell-quiz,Testing
40913d97-6e3e-4067-aa5c-fad188623522,understanding-community-development-network-cdn-quiz,Testing
Understanding Community Development Network (CDN) Quiz,understanding-community-development-network-cdn-quiz,Testing
750da0a8-3f04-4a73-b280-5aa1c3e0ad0f,genetics,Testing
Genetics,genetics,Testing
